{
 "n_stars": 46197,
 "bytes_per_star": 112,
 "layout": "f32 Rg, phi0, Om, zc; 12x(f32 freq, u32 f16amp|f16pha<<16); lines 0-3 R, 4-7 z, 8-10 phi, 11 pad",
 "t_range_myr": [
  -500,
  500
 ],
 "fit_window_myr": [
  -1000,
  1000
 ],
 "potential": "gala MilkyWayPotential2022",
 "frame": "astropy Galactocentric defaults (R0=8.122 kpc)",
 "err500_median_pc": 10.822181397997522,
 "err500_p95_pc": 168.74375445869123,
 "bad_frac_gt200pc": 0.04322791523259086,
 "check_star_indices": [
  0,
  1234,
  9999,
  23456,
  46000
 ],
 "check_positions_kpc": {
  "-500": [
   [
    -0.2062,
    11.8323,
    -0.28538
   ],
   [
    -4.88808,
    -8.16959,
    0.68722
   ],
   [
    4.83731,
    11.49611,
    0.02114
   ],
   [
    5.60606,
    -5.93853,
    -0.07754
   ],
   [
    0.43284,
    9.61821,
    0.4692
   ]
  ],
  "0": [
   [
    -8.60301,
    0.45502,
    0.00286
   ],
   [
    -9.50305,
    -0.72312,
    0.62018
   ],
   [
    -8.21656,
    2.34109,
    -0.03313
   ],
   [
    -7.85233,
    0.29245,
    0.12631
   ],
   [
    -10.01879,
    1.21313,
    -0.31369
   ]
  ],
  "500": [
   [
    -1.97957,
    -11.55031,
    0.26299
   ],
   [
    -6.05926,
    7.34554,
    0.5365
   ],
   [
    -6.61101,
    -9.28564,
    -0.00844
   ],
   [
    6.60164,
    3.20866,
    0.12941
   ],
   [
    4.98998,
    -11.34805,
    -0.57953
   ]
  ]
 }
}